id,name,type,club,youth,debut,nation,peakvalue,league
aaa,Alemannia Aachen,2,aaa,aaa,aaa,GER,-999,-999
aar,FC Aarau,2,aar,aar,aar,SUI,-999,-999
adm,Admira Wacker Moedling,2,adm,adm,adm,AUT,-999,-999
aja,Ajax Amsterdam,2,aja,aja,aja,NED,-999,-999
ala,Deportivo Alaves,2,ala,ala,ala,ESP,-999,-999
alk,AZ Alkmaar,2,alk,alk,alk,NED,-999,-999
and,RSC Anderlecht,2,and,and,and,BEL,-999,-999
ange,Angelholm,2,ange,ange,ange,SWE,-999,-999
anne,Patroge Saint Anne,2,anne,anne,anne,COG,-999,-999
apo,Apollon Pontou,2,apo,apo,apo,GRE,-999,-999
ars,FC Arsenal,2,ars,ars,ars,ENG,-999,-999
asco,Angers SCO,2,asco,asco,asco,FRA,-999,-999
asec,ASEC Mimosas,2,asec,asec,asec,CIV,-999,-999
asm,AS Monaco,2,asm,asm,asm,FRA,-999,-999
asse,AS St Etienne,2,asse,asse,asse,FRA,-999,-999
atm,Atletico Madrid,2,atm,atm,atm,ESP,-999,-999
atpr,Athletico Paranese,2,atpr,atpr,atpr,BRA,-999,-999
atro,Atromitos Athen,2,atro,atro,atro,GRE,-999,-999
auer,SV Auersmacher,2,auer,auer,auer,GER,-999,-999
aux,AJ Auxerre,2,aux,aux,aux,FRA,-999,-999
awie,Austria Wien,2,awie,awie,awie,AUT,-999,-999
bama,JMG Academy Bamako,2,bama,bama,bama,MAL,-999,-999
bar,FC Barcelona,2,bar,bar,bar,ESP,-999,-999
bas,FC Basel,2,bas,bas,bas,SUI,-999,-999
beif,Benlose IF,2,beif,beif,beif,DEN,-999,-999
ben,Benfica Lissabon,2,ben,ben,ben,POR,-999,-999
bie,Arminia Bielefeld,2,bie,bie,bie,GER,-999,-999
bir,Birmingham City,2,bir,bir,bir,ENG,-999,-999
bl,Bundesliga,3,,,,GER,-999,-999
blum,Blumentaler SV,2,blum,blum,blum,GER,-999,-999
bmg,Borussia Moenchengladbach,2,bmg,bmg,bmg,GER,-999,1
bmg1,Jonas Omlin,1,bmg,luz,luz,GER,4,-999
bmg10,Marcus Thuram,1,bmg,soc,soc,GER,9,-999
bmg11,Hannes Wolf,1,bmg,rbs,rbs,GER,5,-999
bmg13,Lars Stindl,1,bmg,ksc,ksc,GER,6,-999
bmg14,Alassane Plea,1,bmg,ol,ol,GER,9,-999
bmg17,Manu Kone,1,bmg,tou,tou,GER,7,-999
bmg18,Stefan Lainer,1,bmg,rbs,rbs,GER,6,-999
bmg19,Nathan Ngoumou,1,bmg,tou,tou,GER,3,-999
bmg20,Luca Netz,1,bmg,bscj,bsc,GER,3,-999
bmg21,Tobias Sippel,1,bmg,fck,fck,GER,2,-999
bmg23,Jonas Hofmann,1,bmg,tsgj,bvb,GER,6,-999
bmg24,Tony Jantschke,1,bmg,bmgj,bmg,GER,4,-999
bmg25,Ramy Bensebaini,1,bmg,pac,pac,GER,7,-999
bmg29,Joe Scally,1,bmg,nyfc,nyfc,GER,5,-999
bmg3,Ko Itakura,1,bmg,kaw,kaw,GER,5,-999
bmg30,Nico Elvedi,1,bmg,fcz,fcz,GER,9,-999
bmg32,Florian Neuhaus,1,bmg,mu60,mu60,GER,9,-999
bmg34,Conor Noss,1,bmg,bmgj,bmg,GER,1,-999
bmg38,Yvandro Borges Sanches,1,bmg,bmgj,bmg,GER,1,-999
bmg4,Mamadou Doucoure,1,bmg,psg,bmg,GER,1,-999
bmg41,Jan Olschowsky,1,bmg,bmgj,bmg,GER,1,-999
bmg5,Marvin Friedrich,1,bmg,gelj,gel,GER,4,-999
bmg6,Christoph Kramer,1,bmg,levj,boc,GER,5,-999
bmg7,Patrick Herrmann,1,bmg,bmgj,bmg,GER,5,-999
bmg8,Julian Weigl,1,bmg,mu60,mu60,GER,8,-999
bmgj,Gladbach Jugend,2,bmgj,bmgj,bmgj,GER,-999,2
boc,VfL Bochum,2,boc,boc,boc,GER,-999,1
boc1,Manuel Riemann,1,boc,burg,burg,GER,1,-999
boc10,Philipp Foerster,1,boc,vfbj,svs,GER,2,-999
boc11,Takuma Asano,1,boc,yok,sanf,GER,2,-999
boc16,Konstantinos Stafylidis,1,boc,paok,paok,GER,2,-999
boc17,Gerrit Holtmann,1,boc,svwj,ebs,GER,2,-999
boc18,Jordi Osei Tutu,1,boc,ars,boc,GER,1,-999
boc2,Cristian Gamboa,1,boc,mli,mli,GER,1,-999
boc20,Ivan Ordets,1,boc,shak,shak,GER,2,-999
boc21,Michael Esser,1,boc,habi,boc,GER,1,-999
boc22,Christopher Antwi Adjei,1,boc,hern,scp,GER,1,-999
boc23,Saidy Janko,1,boc,manu,bolt,GER,2,-999
boc24,Vasilios Lampropoulos,1,boc,olpi,apo,GER,1,-999
boc28,Pierre Kunde,1,boc,atm,gran,GER,4,-999
boc29,Moritz Broschinski,1,boc,cott,boc,GER,1,-999
boc3,Danilo Soares,1,boc,lust,lust,GER,1,-999
boc30,Dominique Heintz,1,boc,fck,fck,GER,4,-999
boc31,Keven Schlotterbeck,1,boc,kirc,scf,GER,4,-999
boc33,Philipp Hofmann,1,boc,gelj,scp,GER,2,-999
boc35,Silvere Ganvoula,1,boc,anne,raja,GER,2,-999
boc4,Erhan Masovic,1,boc,cuk,cuk,GER,2,-999
boc5,Jacek Goralski,1,boc,zaw,wis,GER,2,-999
boc6,Patrick Osterhage,1,boc,bvbj,boc,GER,1,-999
boc7,Kevin Stoeger,1,boc,vfbj,fck,GER,3,-999
boc8,Anthony Losilla,1,boc,asse,fcc,GER,1,-999
boc9,Simon Zoller,1,boc,ksc,ksc,GER,2,-999
bocj,VfL Bochum Jugend,2,bocj,bocj,bocj,GER,-999,2
bolt,Bolton Wanderers,2,bolt,bolt,bolt,ENG,-999,-999
bonn,Bonner SC,2,bonn,bonn,bonn,GER,-999,-999
brab,Brabrand IF,2,brab,brab,brab,DEN,-999,-999
bro,Broendby IF,2,bro,bro,bro,DEN,-999,-999
brue,FC Bruegge,2,brue,brue,brue,BEL,-999,-999
bsc,Hertha BSC Berlin,2,bsc,bsc,bsc,GER,-999,1
bsc1,Oliver Christensen,1,bsc,obk,obk,GER,2,-999
bsc10,Jean Paul Boetius,1,bsc,feye,feye,GER,3,-999
bsc14,Dodi Lukebakio,1,bsc,and,and,GER,7,-999
bsc16,Jonjoe Kenny,1,bsc,eve,eve,GER,5,-999
bsc17,Maximilian Mittelstaedt,1,bsc,bscj,bsc,GER,5,-999
bsc18,Wilfried Kanga,1,bsc,psg,asco,GER,2,-999
bsc19,Stefan Jovetic,1,bsc,part,part,GER,8,-999
bsc2,Peter Pekarik,1,bsc,dubn,dubn,GER,2,-999
bsc20,Marc Oliver Kempf,1,bsc,sgej,sge,GER,4,-999
bsc21,Marvin Plattenhardt,1,bsc,fcn,fcn,GER,6,-999
bsc23,Marco Richter,1,bsc,fcaj,fca,GER,4,-999
bsc24,Jessic Ngankam,1,bsc,bscj,bsc,GER,1,-999
bsc27,Kevin Prince Boateng,1,bsc,bscj,bsc,GER,7,-999
bsc29,Lucas Tousart,1,bsc,vafc,vafc,GER,7,-999
bsc3,Augustin Rogel,1,bsc,naci,naci,GER,2,-999
bsc31,Marton Dardai,1,bsc,bscj,bsc,GER,3,-999
bsc34,Ivan Sunjic,1,bsc,zag,zag,GER,3,-999
bsc39,Derry Scherhant,1,bsc,bscj,bsc,GER,1,-999
bsc40,Chidera Ejuke,1,bsc,suco,gomb,GER,4,-999
bsc42,Julian Eitschberger,1,bsc,bscj,bsc,GER,1,-999
bsc5,Filip Uremovic,1,bsc,cib,cib,GER,3,-999
bsc6,Tolga Cigerci,1,bsc,wobj,wob,GER,2,-999
bsc7,Florian Niederlechner,1,bsc,eber,uha,GER,4,-999
bsc8,Suat Serdar,1,bsc,fsvj,fsv,GER,7,-999
bscj,Hertha BSC Jugend,2,bscj,bscj,bscj,GER,-999,2
burg,Wacker Burghausen,2,burg,burg,burg,GER,-999,-999
bvb,Borussia Dortmund,2,bvb,bvb,bvb,GER,-999,1
bvb1,Gregor Kobel,1,bvb,gcz,tsg,GER,7,-999
bvb11,Marco Reus,1,bvb,rwa,rwa,GER,10,-999
bvb13,Raphael Guerreiro,1,bvb,caen,caen,GER,9,-999
bvb14,Nico Schulz,1,bvb,bscj,bsc,GER,7,-999
bvb15,Mats Hummels,1,bvb,fcbj,bvb,GER,11,-999
bvb17,Marius Wolf,1,bvb,mu60,mu60,GER,4,-999
bvb18,Youssoufa Moukoko,1,bvb,bvbj,bvb,GER,8,-999
bvb19,Julian Brandt,1,bvb,wobj,lev,GER,10,-999
bvb2,Mateu Morey,1,bvb,bar,bvb,GER,3,-999
bvb20,Anthony Modeste,1,bvb,niz,niz,GER,6,-999
bvb21,Donyell Malen,1,bvb,ars,psv,GER,8,-999
bvb22,Jude Bellingham,1,bvb,bir,bir,GER,12,-999
bvb23,Emre Can,1,bvb,fcbj,fcb,GER,9,-999
bvb24,Thomas Meunier,1,bvb,rev,rev,GER,9,-999
bvb25,Niklas Suele,1,bvb,tsgj,tsg,GER,11,-999
bvb26,Julian Ryerson,1,bvb,vik,vik,GER,3,-999
bvb27,Karim Adeyemi,1,bvb,uha,rbs,GER,9,-999
bvb30,Felix Passlack,1,bvb,bvbj,bvb,GER,2,-999
bvb33,Alexander Meyer,1,bvb,hsv,cott,GER,1,-999
bvb35,Marcel Lotka,1,bvb,levj,bsc,GER,1,-999
bvb36,Tom Rothe,1,bvb,bvbj,bvb,GER,2,-999
bvb4,Nico Schlotterbeck,1,bvb,scfj,scf,GER,9,-999
bvb43,Jamie Bynoe Gittens,1,bvb,bvbj,bvb,GER,4,-999
bvb47,Antonios Papadopoulos,1,bvb,vfra,vfra,GER,1,-999
bvb6,Salih Oezcan,1,bvb,koej,koe,GER,6,-999
bvb7,Giovanni Reyna,1,bvb,nyfc,bvb,GER,10,-999
bvb8,Mahmoud Dahoud,1,bvb,bmgj,bmg,GER,6,-999
bvb9,Sebastien Haller,1,bvb,aux,aux,GER,10,-999
bvbj,Borussia Dortmund Jugend,2,bvbj,bvbj,bvbj,GER,-999,2
cac,CA Colon,2,cac,cac,cac,ARG,-999,-999
caen,SM Caen,2,caen,caen,caen,FRA,-999,-999
cal,Deportivo Cali,2,cal,cal,cal,ESP,-999,-999
cco,Central Coast,2,cco,cco,cco,AUS,-999,-999
cel,Celtic Glasgow,2,cel,cel,cel,SCO,-999,-999
cerc,Cercle Bruegge,2,cerc,cerc,cerc,BEL,-999,-999
cfc,Chelsea London,2,cfc,cfc,cfc,ENG,-999,-999
cib,Cibalia,2,cib,cib,cib,CRO,-999,-999
cob,Cobreloa,2,cob,cob,cob,CHI,-999,-999
cott,Energie Cottbus,2,cott,cott,cott,GER,-999,-999
crot,FC Crotone,2,crot,crot,crot,ITA,-999,-999
cuk,FK Cukaricki,2,cuk,cuk,cuk,SRB,-999,-999
czj,FC Carl Zeiss Jena,2,czj,czj,czj,GER,-999,-999
dcu,DC United,2,dcu,dcu,dcu,USA,-999,-999
der,Derby County,2,der,der,der,ENG,-999,-999
dre,Dynamo Dresden,2,dre,dre,dre,GER,-999,-999
dubn,FK Dubnica,2,dubn,dubn,dubn,SVK,-999,-999
duis,MSV Duisburg,2,duis,duis,duis,GER,-999,-999
eber,TSV Ebersberg,2,eber,eber,eber,GER,-999,-999
ebs,Eintracht Braunschweig,2,ebs,ebs,ebs,GER,-999,-999
espb,Espanyol Barcelona,2,espb,espb,espb,ESP,-999,-999
eve,FC Everton,2,eve,eve,eve,ENG,-999,-999
fca,FC Augsburg,2,fca,fca,fca,GER,-999,1
fca1,Rafal Gikiewicz,1,fca,ols,wig,GER,1,-999
fca10,Arne Maier,1,fca,bscj,bsc,GER,7,-999
fca11,Mergim Berisha,1,fca,rbs,rbs,GER,4,-999
fca13,Elvis Rexhbecaj,1,fca,wobj,wob,GER,4,-999
fca14,Julian Baumgartlinger,1,fca,mu60,mu60,GER,3,-999
fca16,Ruben Vargas,1,fca,luz,luz,GER,5,-999
fca17,Noah Sarenren Bazee,1,fca,han,han,GER,1,-999
fca19,Felix Udokhai,1,fca,mu60,mu60,GER,6,-999
fca2,Robert Gumny,1,fca,lech,lech,GER,2,-999
fca20,Daniel Caligiuri,1,fca,scfj,scf,GER,3,-999
fca22,Iago,1,fca,inte,inte,GER,3,-999
fca23,Maximilian Bauer,1,fca,fur,fur,GER,2,-999
fca24,Fredrik Jensen,1,fca,twen,twen,GER,2,-999
fca27,Arne Engels,1,fca,brue,brue,GER,1,-999
fca28,Andre Hahn,1,fca,hsv,off,GER,4,-999
fca3,Mads Pedersen,1,fca,fcno,fcno,GER,2,-999
fca30,Niklas Dorsch,1,fca,fcbj,fcb,GER,4,-999
fca38,David Colina,1,fca,asm,spli,GER,1,-999
fca39,Benjamin Leneis,1,fca,fcaj,fca,GER,1,-999
fca4,Reece Oxford,1,fca,whu,whu,GER,5,-999
fca40,Tomas Koubek,1,fca,kral,kral,GER,3,-999
fca42,Aaron Zehnter,1,fca,fcaj,fca,GER,1,-999
fca45,Kelvin Yeboah,1,fca,goz,graz,GER,3,-999
fca48,Irvin Cardona,1,fca,asm,cerc,GER,4,-999
fca5,Tobias Strobl,1,fca,mu60,koe,GER,4,-999
fca6,Jeffrey Gouweleeuw,1,fca,hee,hee,GER,5,-999
fca7,Dion Beljo,1,fca,cib,cib,GER,3,-999
fca8,Renato Veiga,1,fca,spo,fca,GER,1,-999
fca9,Ermedin Demirovic,1,fca,rblj,ala,GER,5,-999
fcaj,FC Augsburg Jugend,2,fcaj,fcaj,fcaj,GER,-999,2
fcb,FC Bayern München,2,fcb,fcb,fcb,GER,-999,1
fcb1,Manuel Neuer,1,fcb,gelj,gel,GER,10,-999
fcb10,Leroy Sane,1,fcb,gelj,gel,GER,12,-999
fcb11,Kingsley Coman,1,fcb,psg,psg,GER,12,-999
fcb13,Eric Maxim Choupo Moting,1,fcb,hsv,hsv,GER,4,-999
fcb14,Paul Wanner,1,fcb,fcb,fcb,GER,2,-999
fcb17,Sadio Mane,1,fcb,foot,foot,GER,12,-999
fcb19,Alphonso Davies,1,fcb,vanw,vanw,GER,12,-999
fcb2,Dayot Upamecano,1,fcb,vafc,rbs,GER,11,-999
fcb20,Bouna Sarr,1,fcb,met,met,GER,4,-999
fcb21,Lucas Hernandez,1,fcb,atm,atm,GER,12,-999
fcb22,Joao Cancelo,1,fcb,ben,ben,GER,12,-999
fcb23,Daley Blind,1,fcb,aja,aja,GER,7,-999
fcb25,Thomas Mueller,1,fcb,fcbj,fcb,GER,12,-999
fcb26,Sven Ulreich,1,fcb,vfbj,vfb,GER,4,-999
fcb27,Yann Sommer,1,fcb,bas,bas,GER,5,-999
fcb38,Ryan Gravenberch,1,fcb,aja,aja,GER,9,-999
fcb39,Mathys Tel,1,fcb,ren,ren,GER,6,-999
fcb4,Mathijs de Ligt,1,fcb,aja,aja,GER,12,-999
fcb40,Noussair Mazraoui,1,fcb,aja,aja,GER,8,-999
fcb42,Jamal Musiala,1,fcb,fcbj,fcb,GER,12,-999
fcb44,Josip Stanisic,1,fcb,fcbj,fcb,GER,4,-999
fcb5,Benjamin Pavard,1,fcb,lil,lil,GER,10,-999
fcb6,Joshua Kimmich,1,fcb,vfbj,rbl,GER,12,-999
fcb7,Serge Gnabry,1,fcb,ars,ars,GER,12,-999
fcb8,Leon Goretzka,1,fcb,bocj,boc,GER,12,-999
fcbj,FC Bayern Jugend,2,fcbj,fcbj,fcbj,GER,-999,2
fcc,FC Cannes,2,fcc,fcc,fcc,FRA,-999,-999
fck,1 FC Kaiserslautern,2,fck,fck,fck,GER,-999,-999
fcm,FC Magdeburg,2,fcm,fcm,fcm,GER,-999,-999
fcn,1 FC Nuernberg,2,fcn,fcn,fcn,GER,-999,-999
fcno,FC Nordsjaelland,2,fcno,fcno,fcno,DEN,-999,-999
fcsi,FC Sion,2,fcsi,fcsi,fcsi,SUI,-999,-999
fcu,1 FC Union Berlin,2,fcu,fcu,fcu,GER,-999,1
fcu1,Frederik Roennow,1,fcu,hors,hors,GER,2,-999
fcu11,Sven Michel,1,fcu,nied,cott,GER,1,-999
fcu13,Andras Schaefer,1,fcu,mtk,mtk,GER,2,-999
fcu14,Paul Seguin,1,fcu,wobj,wob,GER,1,-999
fcu16,Tim Maciejewski,1,fcu,fcuj,fcu,GER,1,-999
fcu17,Kevin Behrens,1,fcu,svwj,aaa,GER,1,-999
fcu18,Josip Juranovic,1,fcu,nkd,spli,GER,4,-999
fcu19,Jannik Haberer,1,fcu,uha,uha,GER,4,-999
fcu2,Morten Thorsby,1,fcu,stab,stab,GER,3,-999
fcu20,Aissa Laidouni,1,fcu,asco,fcv,GER,2,-999
fcu23,Niko Giesselmann,1,fcu,han,han,GER,2,-999
fcu25,Timo Baumgartl,1,fcu,vfbj,vfb,GER,5,-999
fcu26,Jerome Rousillon,1,fcu,soc,soc,GER,6,-999
fcu27,Sheraldo Becker,1,fcu,aja,aja,GER,5,-999
fcu28,Christopher Trimmel,1,fcu,hori,rwie,GER,1,-999
fcu3,Paul Jaeckel,1,fcu,wobj,wob,GER,3,-999
fcu30,Kevin Moehwald,1,fcu,rwer,rwer,GER,2,-999
fcu31,Robin Knoche,1,fcu,wobj,wob,GER,5,-999
fcu32,Milos Pantovic,1,fcu,fcbj,boc,GER,1,-999
fcu37,Lennart Grill,1,fcu,fck,fck,GER,1,-999
fcu4,Diogo Leite,1,fcu,prt,prt,GER,4,-999
fcu40,Jamie Leweling,1,fcu,fur,fur,GER,2,-999
fcu45,Jordan Siebatcheu,1,fcu,reim,reim,GER,4,-999
fcu5,Danilho Doekhi,1,fcu,aja,vit,GER,2,-999
fcu7,Levin Oeztunali,1,fcu,hsv,lev,GER,3,-999
fcu8,Rani Khedira,1,fcu,vfbj,vfb,GER,4,-999
fcuj,Union Berlin Jugend,2,fcuj,fcuj,fcuj,GER,-999,2
fcv,FC Voluntari,2,fcv,fcv,fcv,ROM,-999,-999
fcz,FC Zuerich,2,fcz,fcz,fcz,SUI,-999,-999
fen,Fenerbahce Istanbul,2,fen,fen,fen,TUR,-999,-999
feye,Feyenoord Rotterdam,2,feye,feye,feye,NED,-999,-999
fhs,Fujieda Highschool,2,fhs,fhs,fhs,JAP,-999,-999
foot,Generation Foot,2,foot,foot,foot,SEN,-999,-999
for,Fortuna Duesseldorf,2,for,for,for,GER,-999,-999
fsv,FSV Mainz 05,2,fsv,fsv,fsv,GER,-999,1
fsv1,Finn Dahmen,1,fsv,fsvj,fsv,GER,1,-999
fsv11,Marcus Ingvartsen,1,fsv,fcno,fcno,GER,2,-999
fsv16,Stefan Bell,1,fsv,fsvj,fsv,GER,3,-999
fsv17,Ludovic Ajourque,1,fsv,asco,asco,GER,6,-999
fsv19,Anthony Caci,1,fsv,stra,stra,GER,3,-999
fsv20,Edmilson Fernandes,1,fsv,fcsi,fcsi,GER,4,-999
fsv21,Danny da Costa,1,fsv,levj,lev,GER,5,-999
fsv25,Andreas Hanche Olsen,1,fsv,stab,stab,GER,2,-999
fsv27,Robin Zentner,1,fsv,fsvj,fsv,GER,2,-999
fsv29,Jonathan Burkardt,1,fsv,fsvj,hol,GER,6,-999
fsv3,Aaron Martin,1,fsv,espb,espb,GER,6,-999
fsv30,Silvan Widmer,1,fsv,aar,aar,GER,4,-999
fsv31,Dominik Kohr,1,fsv,levj,lev,GER,4,-999
fsv36,Marlon Mustapha,1,fsv,fsvj,adm,GER,1,-999
fsv37,Delano Burgzorg,1,fsv,graa,graa,GER,1,-999
fsv4,Aymen Barkok,1,fsv,sgej,sge,GER,2,-999
fsv42,Alexander Hack,1,fsv,mu60,fsv,GER,2,-999
fsv43,Brajan Gruda,1,fsv,fsvj,fsv,GER,1,-999
fsv44,Nelson Weiper,1,fsv,fsvj,fsv,GER,1,-999
fsv5,Maxim Leitsch,1,fsv,bocj,boc,GER,2,-999
fsv6,Anton Stach,1,fsv,osna,fur,GER,5,-999
fsv7,Jae Sung Lee,1,fsv,kun,jeon,GER,2,-999
fsv8,Leandro Barreiro,1,fsv,fsvj,fsv,GER,5,-999
fsv9,Karim Onisiwo,1,fsv,twl,fsv,GER,2,-999
fsvf,FSV Frankfurt,2,fsvf,fsvf,fsvf,GER,-999,-999
fsvj,FSV Mainz Jugend,2,fsvj,fsvj,fsvj,GER,-999,2
ful,FC Fulham,2,ful,ful,ful,ENG,-999,-999
fur,Greuther Fuerth,2,fur,fur,fur,GER,-999,-999
gala,Galatasaray Istanbul,2,gala,gala,gala,TUR,-999,-999
gamb,Gamba Osaka,2,gamb,gamb,gamb,JAP,-999,-999
gcz,Grasshoppers Zuerich,2,gcz,gcz,gcz,SUI,-999,-999
gel,FC Schalke 04,2,gel,gel,gel,GER,-999,1
gel1,Ralf Faehrmann,1,gel,gelj,gel,GER,5,-999
gel10,Rodrigo Zalazar,1,gel,mala,kiel,GER,2,-999
gel11,Marius Buelter,1,gel,muns,fcm,GER,2,-999
gel13,Alexander Schwolow,1,gel,scfj,scf,GER,4,-999
gel15,Timothee Kolodziejczak,1,gel,len,ol,GER,3,-999
gel18,Jere Uronen,1,gel,tps,tps,GER,2,-999
gel19,Kenan Karaman,1,gel,tsgj,tsg,GER,2,-999
gel2,Thomas Ouwejan,1,gel,alk,alk,GER,2,-999
gel20,Tim Skarke,1,gel,heid,heid,GER,1,-999
gel21,Niklas Tauer,1,gel,fsvj,fsv,GER,1,-999
gel23,Mehmet Aydin,1,gel,gelj,gel,GER,2,-999
gel24,Dominick Drexler,1,gel,levj,rwer,GER,2,-999
gel25,Moritz Jenz,1,gel,ful,lau,GER,2,-999
gel26,Michael Frey,1,gel,ybb,ybb,GER,3,-999
gel27,Cedric Brunner,1,gel,fcz,fcz,GER,2,-999
gel29,Tobias Mohr,1,gel,aaa,fur,GER,1,-999
gel3,Leo Greiml,1,gel,stpo,rwie,GER,2,-999
gel30,Alex Kral,1,gel,slpr,tep,GER,4,-999
gel33,Eder Balanta,1,gel,rivp,rivp,GER,3,-999
gel34,Michael Langer,1,gel,vfbj,vfb,GER,1,-999
gel35,Marcin Kaminski,1,gel,lech,lech,GER,2,-999
gel37,Andreas Ivan,1,gel,stk,stk,GER,1,-999
gel38,Siochiro Kozuki,1,gel,sang,sang,GER,1,-999
gel4,Maya Yoshida,1,gel,nag,nag,GER,3,-999
gel40,Sebastian Polter,1,gel,wobj,wob,GER,1,-999
gel41,Henning Matriciani,1,gel,lipp,gel,GER,1,-999
gel5,Sepp van den Berg,1,gel,zwo,zwo,GER,3,-999
gel6,Tom Krauss,1,gel,rblj,rbl,GER,3,-999
gel8,Danny Latza,1,gel,gelj,gel,GER,3,-999
gel9,Simon Terodde,1,gel,duis,duis,GER,2,-999
gelj,FC Schalke 04 Jugend,2,gelj,gelj,gelj,GER,-999,2
gomb,Gombe United,2,gomb,gomb,gomb,NIG,-999,-999
goz,Gozzano,2,goz,goz,goz,ITA,-999,-999
graa,De Graafschap Doetinchem,2,graa,graa,graa,NED,-999,-999
gran,FC Granada,2,gran,gran,gran,ESP,-999,-999
graz,Sturm Graz,2,graz,graz,graz,AUT,-999,-999
gui,Vittoria Guimaraes,2,gui,gui,gui,POR,-999,-999
habi,VfB Habinghorst,2,habi,habi,habi,GER,-999,-999
han,Hannover 96,2,han,han,han,GER,-999,-999
have,TSV Havelse,2,have,have,have,GER,-999,-999
hee,SC Heerenveen,2,hee,hee,hee,NED,-999,-999
heid,1 FC Heidenheim,2,heid,heid,heid,GER,-999,-999
hern,Westfalia Herne,2,hern,hern,hern,GER,-999,-999
hfc,Hallescher FC,2,hfc,hfc,hfc,GER,-999,-999
hhs,Higashiyama Highschool,2,hhs,hhs,hhs,JAP,-999,-999
hif,Hammarby IF,2,hif,hif,hif,SWE,-999,-999
hoed,IL Hoedd,2,hoed,hoed,hoed,NOR,-999,-999
hol,Holstein Kiel,2,hol,hol,hol,GER,-999,-999
hori,ASK Horitschon,2,hori,hori,hori,AUT,-999,-999
hors,AC Horsens,2,hors,hors,hors,DEN,-999,-999
hro,Hansa Rostock,2,hro,hro,hro,GER,-999,-999
hsv,Hamburger SV,2,hsv,hsv,hsv,GER,-999,-999
hull,Hull City FC,2,hull,hull,hull,ENG,-999,-999
ind,Indepidiente del Valle,2,ind,ind,ind,ECU,-999,-999
inte,Internacional Porto Alegre,2,inte,inte,inte,BRA,-999,-999
iwa,Jubilo Iwata,2,iwa,iwa,iwa,JAP,-999,-999
jeon,Jeonbuk Hyundai Motors FC,2,jeon,jeon,jeon,KOR,-999,-999
kaw,Kawasaki Frontale,2,kaw,kaw,kaw,JAP,-999,-999
kaz,Rubin Kazan,2,kaz,kaz,kaz,RUS,-999,-999
kiel,Korona Kielce,2,kiel,kiel,kiel,POL,-999,-999
kirc,VfL Kirchheim,2,kirc,kirc,kirc,GER,-999,-999
koe,1. FC Koeln,2,koe,koe,koe,GER,-999,1
koe1,Timo Horn,1,koe,koej,koe,GER,5,-999
koe11,Florian Kainz,1,koe,graz,graz,GER,2,-999
koe13,Marc Uth,1,koe,koej,hee,GER,7,-999
koe14,Jonas Hector,1,koe,auer,koe,GER,6,-999
koe15,Luca Kilian,1,koe,bvbj,scp,GER,2,-999
koe17,Kingsley Schindler,1,koe,han,hol,GER,2,-999
koe19,Dimitrios Limnios,1,koe,atro,atro,GER,2,-999
koe2,Benno Schmitz,1,koe,fcbj,rbs,GER,2,-999
koe20,Marvin Schwaebe,1,koe,sgej,osna,GER,2,-999
koe21,Steffen Tigges,1,koe,osna,osna,GER,2,-999
koe23,Sargis Adamyan,1,koe,hro,hro,GER,2,-999
koe24,Julian Chabot,1,koe,rblj,rot,GER,1,-999
koe25,Tim Lemperle,1,koe,koej,koe,GER,1,-999
koe27,Davie Selke,1,koe,svwj,svw,GER,6,-999
koe28,Ellyes Skhiri,1,koe,mont,mont,GER,5,-999
koe29,Jan Thielmann,1,koe,koej,koe,GER,4,-999
koe3,Kristian Pedersen,1,koe,beif,fcu,GER,2,-999
koe33,Florian Dietz,1,koe,czj,koe,GER,1,-999
koe37,Linton Mai,1,koe,han,han,GER,4,-999
koe4,Timo Huebers,1,koe,han,han,GER,3,-999
koe47,Mathias Olesen,1,koe,koej,koe,GER,1,-999
koe48,Justin Diehl,1,koe,koej,koe,GER,1,-999
koe5,Nikola Soldo,1,koe,zapr,zapr,GER,1,-999
koe6,Eric Martel,1,koe,rblj,rbl,GER,2,-999
koe7,Dejan Ljubicic,1,koe,rwie,rwie,GER,4,-999
koe8,Denis Huseinbasic,1,koe,off,off,GER,1,-999
koe9,Sebastian Andersson,1,koe,ange,ange,GER,3,-999
koej,1 FC Koeln Jugend,2,koej,koej,koej,GER,-999,2
kop,FC Kopenhagen,2,kop,kop,kop,DEN,-999,-999
kral,Hradec Kralove,2,kral,kral,kral,CZE,-999,-999
krc,KRC Genk,2,krc,krc,krc,BEL,-999,-999
ksc,Karlsruher SC,2,ksc,ksc,ksc,GER,-999,-999
kun,Korea University,2,kun,kun,kun,KOR,-999,-999
lau,FC Lausanne,2,lau,lau,lau,SUI,-999,-999
lech,Lech Posen,2,lech,lech,lech,POL,-999,-999
leix,Leixoes SC,2,leix,leix,leix,POR,-999,-999
len,RC Lens,2,len,len,len,FRA,-999,-999
lev,Bayer 04 Leverkusen,2,lev,lev,lev,GER,-999,1
lev1,Lukas Hradecky,1,lev,tps,tps,GER,5,-999
lev10,Kerem Demirbay,1,lev,bvbj,hsv,GER,9,-999
lev11,Nadiem Amiri,1,lev,tsgj,tsg,GER,7,-999
lev12,Edmond Tapsoba,1,lev,leix,gui,GER,9,-999
lev14,Patrik Schick,1,lev,spra,spra,GER,10,-999
lev17,Callum Hudson Odoi,1,lev,cfc,cfc,GER,9,-999
lev19,Moussa Diaby,1,lev,psg,crot,GER,11,-999
lev20,Charles Aranguiz,1,lev,cob,cob,GER,5,-999
lev21,Amine Adli,1,lev,tou,tou,GER,5,-999
lev22,Daley Sinkgraven,1,lev,hee,hee,GER,4,-999
lev23,Adam Hlozek,1,lev,spra,spra,GER,6,-999
lev24,Timothy Fosu Mensah,1,lev,manu,manu,GER,3,-999
lev25,Exequiel Palacios,1,lev,rivp,rivp,GER,7,-999
lev27,Florian Wirtz,1,lev,koej,lev,GER,12,-999
lev3,Piero Hincapie,1,lev,ind,ind,GER,7,-999
lev30,Jeremie Frimpong,1,lev,manc,cel,GER,7,-999
lev32,Ayman Azhil,1,lev,levj,lev,GER,1,-999
lev38,Karim Bellarabi,1,lev,ebs,ebs,GER,7,-999
lev4,Jonathan Tah,1,lev,hsv,hsv,GER,9,-999
lev40,Andrey Lunev,1,lev,tor,tor,GER,5,-999
lev5,Mitchell Bakker,1,lev,aja,psg,GER,5,-999
lev6,Odilon Koussounou,1,lev,asec,hif,GER,7,-999
lev8,Robert Andrich,1,lev,bscj,dre,GER,5,-999
lev9,Sardar Azmoun,1,lev,sep,kaz,GER,7,-999
levj,Bayer 04 Leverkusen Jugend,2,levj,levj,levj,GER,-999,2
lil,Lille OSC,2,lil,lil,lil,FRA,-999,-999
lipp,SV Lippstadt,2,lipp,lipp,lipp,GER,-999,-999
lust,Austria Lustenau,2,lust,lust,lust,AUT,-999,-999
luz,FC Luzern,2,luz,luz,luz,SUI,-999,-999
lyn,Lyngby BK,2,lyn,lyn,lyn,DEN,-999,-999
macc,Maccabi Tel Aviv,2,macc,macc,macc,ISR,-999,-999
maff,Malmo FF,2,maff,maff,maff,SWE,-999,-999
mala,FC Malaga,2,mala,mala,mala,ESP,-999,-999
manc,Manchester City,2,manc,manc,manc,ENG,-999,-999
manu,Manchester United,2,manu,manu,manu,ENG,-999,-999
met,FC Metz,2,met,met,met,FRA,-999,-999
mli,AD Municipal Liberia,2,mli,mli,mli,CRI,-999,-999
mont,Montpellier HSC,2,mont,mont,mont,FRA,-999,-999
mtk,MTK Budapest,2,mtk,mtk,mtk,HUN,-999,-999
mu60,1860 München,2,mu60,mu60,mu60,GER,-999,-999
muns,Preussen Muenster,2,muns,muns,muns,GER,-999,-999
naci,Nacional,2,naci,naci,naci,URU,-999,-999
nag,Nagoya Crampus,2,nag,nag,nag,JAP,-999,-999
nan,FC Nantes,2,nan,nan,nan,FRA,-999,-999
naz,Maccabi Ahi Nazareth,2,naz,naz,naz,ISR,-999,-999
nied,SuS Niederschelden,2,nied,nied,nied,GER,-999,-999
niz,OGC Nizza,2,niz,niz,niz,FRA,-999,-999
nkd,NK Dubrava,2,nkd,nkd,nkd,CRO,-999,-999
nyfc,New York City FC,2,nyfc,nyfc,nyfc,USA,-999,-999
obk,Odense BK,2,obk,obk,obk,DEN,-999,-999
off,Kickers Offenbach,2,off,off,off,GER,-999,-999
ol,Olympique Lyon,2,ol,ol,ol,FRA,-999,-999
olpi,Olympiakos Piraus,2,olpi,olpi,olpi,GRE,-999,-999
ols,Tempo 25 Olsztyn,2,ols,ols,ols,POL,-999,-999
osna,VfL Osnabrueck,2,osna,osna,osna,GER,-999,-999
ostr,Banik Ostrau,2,ostr,ostr,ostr,CZE,-999,-999
pac,Paradou AC,2,pac,pac,pac,ALG,-999,-999
pan,Panathinaikos Athen,2,pan,pan,pan,GRE,-999,-999
paok,PAOK Saloniki,2,paok,paok,paok,GRE,-999,-999
part,Partizan Belgrad,2,part,part,part,SRB,-999,-999
pasg,PAS Giannina,2,pasg,pasg,pasg,GRE,-999,-999
pay,Paysandu FC,2,pay,pay,pay,BRA,-999,-999
pfc,Paris FC,2,pfc,pfc,pfc,FRA,-999,-999
pne,Preston North End,2,pne,pne,pne,ENG,-999,-999
prt,FC Porto,2,prt,prt,prt,POR,-999,-999
psg,Paris St Germain,2,psg,psg,psg,FRA,-999,-999
psv,PSV Eindhoven,2,psv,psv,psv,NED,-999,-999
pus,Puskas AFC,2,pus,pus,pus,HUN,-999,-999
raja,Raja Casablanca,2,raja,raja,raja,MAR,-999,-999
rbl,Red Bull Leipzig,2,rbl,rbl,rbl,GER,-999,1
rbl1,Peter Gulacsi,1,rbl,mtk,hull,GER,5,-999
rbl10,Emil Forsberg,1,rbl,sun,sun,GER,8,-999
rbl11,Timo Werner,1,rbl,vfbj,vfb,GER,12,-999
rbl13,Orjan Nyland,1,rbl,hoed,hoed,GER,2,-999
rbl16,Lukas Klostermann,1,rbl,bocj,boc,GER,9,-999
rbl17,Dominik Szoboszlai,1,rbl,rbs,rbs,GER,9,-999
rbl18,Christopher Nkunku,1,rbl,psg,psg,GER,12,-999
rbl19,Andre Silva,1,rbl,prt,prt,GER,10,-999
rbl2,Mohamed Simakan,1,rbl,stra,stra,GER,8,-999
rbl21,Janis Blaswich,1,rbl,bmgj,dre,GER,1,-999
rbl22,David Raum,1,rbl,fur,fur,GER,8,-999
rbl23,Marcel Halstenberg,1,rbl,han,stp,GER,7,-999
rbl24,Xaver Schlager,1,rbl,rbs,rbs,GER,8,-999
rbl25,Sanoussy Ba,1,rbl,rblj,rbl,GER,1,-999
rbl27,Konrad Laimer,1,rbl,rbs,rbs,GER,8,-999
rbl32,Josko Gvardiol,1,rbl,zag,zag,GER,12,-999
rbl37,Abdou Diallo,1,rbl,asm,asm,GER,9,-999
rbl39,Benjamin Henrichs,1,rbl,levj,lev,GER,6,-999
rbl4,Willi Orban,1,rbl,fck,fck,GER,6,-999
rbl44,Kevin Kampl,1,rbl,levj,fur,GER,7,-999
rbl7,Dani Olmo,1,rbl,bar,zag,GER,10,-999
rbl8,Amadou Haidara,1,rbl,bama,rbs,GER,7,-999
rbl9,Yussuf Poulsen,1,rbl,lyn,lyn,GER,9,-999
rblj,Red Bull Leipzig Jugend,2,rblj,rblj,rblj,GER,-999,2
rbs,Red Bull Salzburg,2,rbs,rbs,rbs,AUT,-999,-999
reim,Stade Reims,2,reim,reim,reim,FRA,-999,-999
ren,Stade Rennes,2,ren,ren,ren,FRA,-999,-999
rev,RE Virton,2,rev,rev,rev,FRA,-999,-999
rij,HNK Rijeka,2,rij,rij,rij,CRO,-999,-999
rivp,River Plate,2,rivp,rivp,rivp,ARG,-999,-999
rma,Real Madrid,2,rma,rma,rma,ESP,-999,-999
rot,Sparta Rotterdam,2,rot,rot,rot,NED,-999,-999
roy,Royal Antwerpen,2,roy,roy,roy,BEL,-999,-999
rwa,Rot Weiss Ahlen,2,rwa,rwa,rwa,GER,-999,-999
rwer,Rot Weiss Erfurt,2,rwer,rwer,rwer,GER,-999,-999
rwie,Rapid Wien,2,rwie,rwie,rwie,AUT,-999,-999
rwo,Rot Weiß Oberhausen,2,rwo,rwo,rwo,GER,-999,-999
sag,Sagan Tosu,2,sag,sag,sag,JAP,-999,-999
sanf,Sanfrecce Hiroshima,2,sanf,sanf,sanf,JAP,-999,-999
sang,Kyoto Sanga,2,sang,sang,sang,JAP,-999,-999
saop,Sao Paolo FC,2,saop,saop,saop,BRA,-999,-999
scf,SC Freiburg,2,scf,scf,scf,GER,-999,1
scf1,Benjamin Uphoff,1,scf,burg,fcn,GER,1,-999
scf11,Daniel Kofi Kyereh,1,scf,have,svww,GER,4,-999
scf14,Yannik Keitel,1,scf,scfj,scf,GER,2,-999
scf17,Lukas Kuebler,1,scf,bonn,koe,GER,2,-999
scf18,Nils Petersen,1,scf,czj,czj,GER,5,-999
scf22,Roland Sallai,1,scf,pus,pus,GER,6,-999
scf23,Robert Wagner,1,scf,scfj,scf,GER,1,-999
scf25,Kiliann Sildillia,1,scf,met,scf,GER,4,-999
scf26,Mark Flekken,1,scf,aaa,aaa,GER,3,-999
scf27,Nicolas Hoefler,1,scf,scfj,scf,GER,2,-999
scf28,Matthias Ginter,1,scf,scfj,scf,GER,9,-999
scf29,Woo Yeong Jeong,1,scf,fcbj,scf,GER,3,-999
scf3,Philipp Lienhart,1,scf,rma,rma,GER,7,-999
scf30,Christian Guenter,1,scf,scfj,scf,GER,5,-999
scf32,Vincenzo Grifo,1,scf,ksc,tsg,GER,5,-999
scf33,Noah Weisshaupt,1,scf,scfj,scf,GER,2,-999
scf38,Michael Gregoritsch,1,scf,svka,svka,GER,6,-999
scf42,Ritsu Doan,1,scf,gamb,gamb,GER,6,-999
scf5,Manuel Gulde,1,scf,tsgj,tsg,GER,2,-999
scf7,Jonathan Schmid,1,scf,scfj,scf,GER,3,-999
scf8,Maximilian Eggestein,1,scf,svwj,svw,GER,8,-999
scf9,Lucas Hoeler,1,scf,blum,fsv,GER,3,-999
scfj,SC Freiburg Jugend,2,scfj,scfj,scfj,GER,-999,2
scp,SC Paderborn,2,scp,scp,scp,GER,-999,-999
sep,Sepaphan FC,2,sep,sep,sep,IRN,-999,-999
sge,Eintracht Frankfurt,2,sge,sge,sge,GER,-999,1
sge1,Kevin Trapp,1,sge,fck,fck,GER,5,-999
sge11,Faride Alidou,1,sge,hsv,hsv,GER,1,-999
sge15,Daichi Kamada,1,sge,hhs,sag,GER,8,-999
sge17,Sebastian Rode,1,sge,off,off,GER,4,-999
sge18,Almamy Toure,1,sge,asm,asm,GER,4,-999
sge19,Rafael Borre,1,sge,cal,cal,GER,6,-999
sge2,Evan N Dicka,1,sge,aux,aux,GER,9,-999
sge20,Makoto Hasebe,1,sge,fhs,ura,GER,2,-999
sge21,Lucas Alario,1,sge,cac,cac,GER,6,-999
sge22,Timothy Chandler,1,sge,sgej,fcn,GER,2,-999
sge24,Aurelio Buta,1,sge,ben,roy,GER,3,-999
sge25,Christopher Lenz,1,sge,bmgj,fcu,GER,2,-999
sge26,Junior Dina Ebimbe,1,sge,psg,psg,GER,3,-999
sge27,Mario Goetze,1,sge,bvbj,bvb,GER,11,-999
sge28,Marcel Wenig,1,sge,fcbj,sge,GER,1,-999
sge29,Jesper Lindstrom,1,sge,bro,bro,GER,8,-999
sge31,Jens Grahl,1,sge,stk,fur,GER,1,-999
sge32,Philipp Max,1,sge,gelj,ksc,GER,6,-999
sge35,Tuta,1,sge,saop,sge,GER,5,-999
sge36,Ansgar Knauff,1,sge,bvbj,bvb,GER,4,-999
sge40,Diant Ramaj,1,sge,heid,heid,GER,1,-999
sge5,Hrvoje Smolcic,1,sge,rij,rij,GER,2,-999
sge6,Kristijan Jakic,1,sge,spli,spli,GER,4,-999
sge8,Djibril Sow,1,sge,fcz,bmg,GER,7,-999
sge9,Randal Kolo Muani,1,sge,nan,nan,GER,9,-999
sgej,Frankfurt Jugend,2,sgej,sgej,sgej,GER,-999,2
shak,Shakhtar Donezk,2,shak,shak,shak,UKR,-999,-999
shb,Shonan Bellmare,2,shb,shb,shb,JAP,-999,-999
silk,Silkeborg IF,2,silk,silk,silk,SWE,-999,-999
slpr,Slavia Prag,2,slpr,slpr,slpr,CZE,-999,-999
smy,Apollon Smyrnis,2,smy,smy,smy,GRE,-999,-999
soc,FC Sochaux,2,soc,soc,soc,FRA,-999,-999
spli,RNK Split,2,spli,spli,spli,CRO,-999,-999
spo,Sporting Lissabon,2,spo,spo,spo,POR,-999,-999
spra,Sparta Prag,2,spra,spra,spra,CZE,-999,-999
stab,Stabaek IF,2,stab,stab,stab,DEN,-999,-999
stk,SV Stuttgarter Kickers,2,stk,stk,stk,GER,-999,-999
stl,Stade Laval,2,stl,stl,stl,FRA,-999,-999
stp,FC St Pauli,2,stp,stp,stp,GER,-999,-999
stpo,FC St Polten,2,stpo,stpo,stpo,AUT,-999,-999
stra,Racing Strassbourg,2,stra,stra,stra,FRA,-999,-999
suco,Supreme Court FC,2,suco,suco,suco,NIG,-999,-999
sun,GIF Sundsvall,2,sun,sun,sun,SWE,-999,-999
svka,SV Kapfenberg,2,svka,svka,svka,AUT,-999,-999
svs,SV Sandhausen,2,svs,svs,svs,GER,-999,-999
svw,Werder Bremen,2,svw,svw,svw,GER,-999,1
svw1,Jiri Pavlenka,1,svw,ostr,ostr,GER,5,-999
svw10,Leonardo Bittencourt,1,svw,cott,cott,GER,3,-999
svw11,Niclas Fuellkrug,1,svw,svwj,svw,GER,5,-999
svw13,Milos Veljkovic,1,svw,tot,svw,GER,5,-999
svw17,Maximilian Philipp,1,svw,scf,scf,GER,6,-999
svw19,Dikeni Salifou,1,svw,fcaj,svw,GER,1,-999
svw20,Romano Schmid,1,svw,graz,rbs,GER,2,-999
svw21,Eren Dinkci,1,svw,svwj,svw,GER,1,-999
svw22,Niklas Schmidt,1,svw,svwj,svww,GER,1,-999
svw26,Lee Buchanan,1,svw,der,der,GER,2,-999
svw27,Felix Agu,1,svw,osna,osna,GER,1,-999
svw28,Ilia Gruev,1,svw,svwj,svw,GER,2,-999
svw3,Anthony Jung,1,svw,sgej,fsvf,GER,1,-999
svw30,Michael Zetterer,1,svw,uha,uha,GER,1,-999
svw32,Marco Friedl,1,svw,fcbj,fcb,GER,3,-999
svw34,Jean Manuel Mbom,1,svw,svwj,svw,GER,2,-999
svw36,Christian Gross,1,svw,hsv,osna,GER,1,-999
svw39,Fabio Chiarodia,1,svw,svwj,svw,GER,1,-999
svw4,Niklas Stark,1,svw,fcn,fcn,GER,6,-999
svw5,Amos Pieper,1,svw,bvbj,bie,GER,3,-999
svw6,Jens Stage,1,svw,brab,kop,GER,2,-999
svw7,Marvin Ducksch,1,svw,bvbj,bvb,GER,2,-999
svw8,Mitchell Weiser,1,svw,koej,fcb,GER,5,-999
svwj,SV Werder Bremen Jugend,2,svwj,svwj,svwj,GER,-999,2
svww,Wehen Wiesbaden,2,svww,svww,svww,GER,-999,-999
tep,FK Teplice,2,tep,tep,tep,CZE,-999,-999
tor,Torpedo Moskau,2,tor,tor,tor,RUS,-999,-999
tot,Tottenham Hotspur,2,tot,tot,tot,ENG,-999,-999
tou,FC Toulouse,2,tou,tou,tou,FRA,-999,-999
tps,Turun Palloseura,2,tps,tps,tps,FIN,-999,-999
tsg,TSG Hoffenheim,2,tsg,tsg,tsg,GER,-999,1
tsg1,Oliver Baumann,1,tsg,scfj,scf,GER,4,-999
tsg10,Munas Dabbour,1,tsg,macc,naz,GER,5,-999
tsg11,Angelino,1,tsg,manc,nyfc,GER,9,-999
tsg13,Angelo Stiller,1,tsg,fcbj,tsg,GER,3,-999
tsg14,Christoph Baumgartner,1,tsg,tsgj,tsg,GER,7,-999
tsg16,Sebastian Rudy,1,tsg,vfbj,vfb,GER,5,-999
tsg17,Thomas Delaney,1,tsg,kop,kop,GER,8,-999
tsg19,Kasper Dolberg,1,tsg,aja,aja,GER,7,-999
tsg20,Finn Ole Becker,1,tsg,stp,stp,GER,1,-999
tsg22,Kevin Vogt,1,tsg,bocj,boc,GER,6,-999
tsg23,John Anthony Brooks,1,tsg,bscj,bsc,GER,5,-999
tsg25,Kevin Akpoguma,1,tsg,ksc,ksc,GER,5,-999
tsg26,Eduardo Quaresma,1,tsg,spo,spo,GER,3,-999
tsg27,Andrej Kramaric,1,tsg,zag,zag,GER,9,-999
tsg29,Robert Skov,1,tsg,silk,silk,GER,5,-999
tsg3,Pavel Kaderabek,1,tsg,spra,spra,GER,6,-999
tsg34,Stanley Nsoki,1,tsg,psg,psg,GER,5,-999
tsg35,Muhammed Damar,1,tsg,sgej,tsg,GER,1,-999
tsg39,Tom Bischof,1,tsg,tsgj,tsg,GER,1,-999
tsg4,Ermin Bicakcic,1,tsg,vfbj,vfb,GER,2,-999
tsg40,Umut Tohumcu,1,tsg,tsgj,tsg,GER,1,-999
tsg44,Fisnik Asllani,1,tsg,fcuj,tsg,GER,1,-999
tsg5,Ozan Kabak,1,tsg,gala,gala,GER,9,-999
tsg6,Grischa Proemel,1,tsg,tsgj,ksc,GER,3,-999
tsg7,Jacob Bruun Larsen,1,tsg,bvbj,bvb,GER,6,-999
tsg8,Dennis Geiger,1,tsg,tsgj,tsg,GER,5,-999
tsg9,Ihlas Bebou,1,tsg,for,for,GER,6,-999
tsgj,TSG Hoffenheim Jugend,2,tsgj,tsgj,tsgj,GER,-999,2
turk,Turkgucu Muenchen,2,turk,turk,turk,GER,-999,-999
twen,Twente Enschede,2,twen,twen,twen,NED,-999,-999
twl,TWL Elektra,2,twl,twl,twl,POL,-999,-999
uha,SpVgg Unterhaching,2,uha,uha,uha,GER,-999,-999
ura,Urawa Reds,2,ura,ura,ura,JAP,-999,-999
vafc,Valenciennes FC,2,vafc,vafc,vafc,FRA,-999,-999
vanw,Vancouver Whitecaps,2,vanw,vanw,vanw,CAN,-999,-999
vfb,VfB Stuttgart,2,vfb,vfb,vfb,GER,-999,1
vfb1,Florian Mueller,1,vfb,fsvj,fsv,GER,4,-999
vfb10,Tiago Tomas,1,vfb,spo,spo,GER,3,-999
vfb11,Juan Jose Perea,1,vfb,prt,pan,GER,1,-999
vfb14,Silas Katompa Mvumpa,1,vfb,pfc,pfc,GER,7,-999
vfb15,Pascal Stenzel,1,vfb,bvbj,scf,GER,3,-999
vfb16,Atakan Karazor,1,vfb,bocj,hol,GER,2,-999
vfb17,Genki Haraguchi,1,vfb,ura,ura,GER,2,-999
vfb2,Waldemar Anton,1,vfb,han,han,GER,5,-999
vfb20,Luca Pfeiffer,1,vfb,stk,osna,GER,2,-999
vfb21,Hiroki Ito,1,vfb,iwa,iwa,GER,3,-999
vfb22,Chris Fuehrich,1,vfb,rwo,koe,GER,2,-999
vfb23,Dan Axel Zagadou,1,vfb,psg,bvb,GER,9,-999
vfb24,Borna Sosa,1,vfb,zag,zag,GER,7,-999
vfb25,Lilian Egloff,1,vfb,vfbj,vfb,GER,1,-999
vfb27,Alou Kuol,1,vfb,cco,cco,GER,1,-999
vfb28,Nikolas Nartey,1,vfb,kop,koe,GER,1,-999
vfb3,Wataru Endo,1,vfb,shb,shb,GER,4,-999
vfb31,Gil Dias,1,vfb,asm,asm,GER,2,-999
vfb33,Fabian Bredlow,1,vfb,rblj,hfc,GER,1,-999
vfb34,Omer Beyaz,1,vfb,fen,fen,GER,1,-999
vfb36,Laurin Ulrich,1,vfb,vfbj,vfb,GER,1,-999
vfb37,Antonis Aidonis,1,vfb,vfbj,vfb,GER,1,-999
vfb39,Thomas Kastanaras,1,vfb,vfbj,vfb,GER,1,-999
vfb4,Josha Vagnoman,1,vfb,hsv,hsv,GER,2,-999
vfb5,Konstantinos Mavropanos,1,vfb,smy,pasg,GER,6,-999
vfb7,Tanguy Coulibaly,1,vfb,psg,vfb,GER,3,-999
vfb8,Enzo Millot,1,vfb,asm,asm,GER,1,-999
vfb9,Serhou Guirassy,1,vfb,stl,stl,GER,5,-999
vfbj,VfB Stuttgart Jugend,2,vfbj,vfbj,vfbj,GER,-999,2
vfra,VfR Aalen,2,vfra,vfra,vfra,GER,-999,-999
vik,Viking FK,2,vik,vik,vik,NOR,-999,-999
vit,Vitesse Arnheim,2,vit,vit,vit,NED,-999,-999
vol,FC Volendaam,2,vol,vol,vol,NED,-999,-999
wad,Wadi Degla,2,wad,wad,wad,POL,-999,-999
whu,West Ham United,2,whu,whu,whu,ENG,-999,-999
wig,Wigry Suwalki,2,wig,wig,wig,POL,-999,-999
wis,Wisla Plock,2,wis,wis,wis,POL,-999,-999
wob,VfL Wolfsburg,2,wob,wob,wob,GER,-999,1
wob1,Koen Casteels,1,wob,krc,krc,GER,5,-999
wob10,Lukas Nmecha,1,wob,manc,pne,GER,6,-999
wob12,Pavao Pervan,1,wob,twl,lust,GER,1,-999
wob16,Jakub Kaminski,1,wob,lech,lech,GER,4,-999
wob2,Kilian Fischer,1,wob,mu60,turk,GER,1,-999
wob20,Ridle Baku,1,wob,fsvj,fsv,GER,7,-999
wob22,Felix Nmecha,1,wob,manc,wob,GER,2,-999
wob23,Jonas Wind,1,wob,kop,kop,GER,5,-999
wob27,Maximilian Arnold,1,wob,wobj,wob,GER,6,-999
wob29,Joshua Guilavogui,1,wob,asse,asse,GER,5,-999
wob3,Sebastiaan Bornauw,1,wob,and,and,GER,5,-999
wob31,Yannik Gerhardt,1,wob,koej,koe,GER,5,-999
wob32,Mattias Svanberg,1,wob,maff,maff,GER,5,-999
wob33,Omar Marmoush,1,wob,wad,wad,GER,3,-999
wob38,Bartol Franjic,1,wob,zag,zag,GER,3,-999
wob39,Patrick Wimmer,1,wob,awie,awie,GER,4,-999
wob4,Maxence Lacroix,1,wob,soc,soc,GER,8,-999
wob40,Kevin Paredes,1,wob,dcu,dcu,GER,2,-999
wob5,Micky van de Veen,1,wob,vol,vol,GER,4,-999
wob6,Paulo Otavio,1,wob,atpr,pay,GER,4,-999
wob7,Luca Waldschmidt,1,wob,sgej,sge,GER,7,-999
wobj,VfL Wolfsburg Jugend,2,wobj,wobj,wobj,GER,-999,2
ybb,Young Boys Bern,2,ybb,ybb,ybb,SUI,-999,-999
yok,Yokkaichi Highschool,2,yok,yok,yok,JAP,-999,-999
zag,Dinamo Zagreb,2,zag,zag,zag,CRO,-999,-999
zapr,Inter Zapresic,2,zapr,zapr,zapr,CRO,-999,-999
zaw,Zawisza Bydgoszcz,2,zaw,zaw,zaw,POL,-999,-999
zwo,PEC Zwolle,2,zwo,zwo,zwo,NED,-999,-999